Timestamp,Product ID,Price,Open 24h,Volume 24h,Low 24h,High 24h,Volume 30d,Best Bid,Best Bid Size,Best Ask,Best Ask Size,Side,Trade ID,Last Size
2024-12-01T01:18:26.780638Z,ETH-USD,3677.67,3600.96,92543.83418942,3595.03,3740.63,4414902.14937466,3677.67,0.78563103,3677.68,0.00373804,sell,574510120,0.29436897
2024-12-01T01:18:27.336497Z,BTC-USD,96209.92,96461.07,3179.78852051,96129.73,97282.41,528964.9359838,96209.91,0.19682657,96209.92,0.02006329,buy,729140450,0.00019046
2024-12-01T01:18:27.852145Z,BTC-USD,96209.92,96461.07,3179.78853748,96129.73,97282.41,528964.93600077,96209.91,0.05631657,96209.92,0.02004632,buy,729140451,1.697e-05
2024-12-01T01:18:28.058321Z,ETH-USD,3677.39,3600.96,92544.51620323,3595.03,3740.63,4414902.83138847,3677.27,0.05438195,3677.67,1.66751895,sell,574510121,0.68201381
2024-12-01T01:18:28.075852Z,BTC-USD,96209.91,96461.07,3179.82127616,96129.73,97282.41,528964.96873945,96209.91,0.02357789,96209.92,0.02004632,sell,729140452,0.03273868
2024-12-01T01:18:28.329491Z,ETH-USD,3677.08,3600.96,92544.51996747,3595.03,3740.63,4414902.83515271,3677.07,1.42162,3677.42,0.2024,buy,574510122,0.00376424
2024-12-01T01:18:28.553642Z,BTC-USD,96209.91,96461.07,3179.8213542,96129.73,97282.41,528964.96881749,96209.91,0.02338071,96209.92,0.06591627,sell,729140453,7.804e-05
2024-12-01T01:18:28.772479Z,BTC-USD,96209.91,96461.07,3179.82138503,96129.73,97282.41,528964.96884832,96209.91,0.02334988,96209.92,0.06591627,sell,729140454,3.083e-05
2024-12-01T01:18:28.863232Z,BTC-USD,96209.92,96461.07,3179.82206685,96129.73,97282.41,528964.96953014,96209.91,0.02334988,96209.92,0.06523445,buy,729140455,0.00068182
2024-12-01T01:18:28.903581Z,BTC-USD,96209.92,96461.07,3179.82253412,96129.73,97282.41,528964.96999741,96209.91,0.02334988,96209.92,0.06603528,buy,729140456,0.00046727
2024-12-01T01:18:29.079223Z,ETH-USD,3677.17,3600.96,92544.52042149,3595.03,3740.63,4414902.83560673,3677.17,1.52854598,3677.18,0.00375223,sell,574510123,0.00045402
2024-12-01T01:18:29.202056Z,BTC-USD,96209.92,96461.07,3179.82369807,96129.73,97282.41,528964.97116136,96209.91,0.02346902,96209.92,0.01900138,buy,729140457,0.00116395
2024-12-01T01:18:29.378508Z,ETH-USD,3677.18,3600.96,92544.52056203,3595.03,3740.63,4414902.83574727,3677.17,1.52854598,3677.18,0.00361169,buy,574510124,0.00014054
2024-12-01T01:18:29.512612Z,BTC-USD,96209.92,96461.07,3179.82370327,96129.73,97282.41,528964.97116656,96209.91,0.02346902,96209.92,0.01899618,buy,729140458,5.2e-06
2024-12-01T01:18:29.653397Z,ETH-USD,3677.17,3600.96,92544.52222306,3595.03,3740.63,4414902.8374083,3677.17,1.52688495,3677.18,0.00361169,sell,574510125,0.00166103
2024-12-01T01:18:29.817715Z,BTC-USD,96209.92,96461.07,3179.82587341,96129.73,97282.41,528964.9733367,96209.91,0.16917902,96209.92,0.01682604,buy,729140459,0.00217014
2024-12-01T01:18:29.817715Z,BTC-USD,96209.92,96461.07,3179.84143135,96129.73,97282.41,528964.98889464,96209.91,0.16917902,96209.92,0.0012681,buy,729140460,0.01555794
2024-12-01T01:18:29.817715Z,BTC-USD,96209.92,96461.07,3179.84269945,96129.73,97282.41,528964.99016274,96209.91,0.16917902,96215.65,0.00143914,buy,729140461,0.0012681
2024-12-01T01:18:29.841304Z,BTC-USD,96215.64,96461.07,3179.84279945,96129.73,97282.41,528964.99026274,96215.64,1.914e-05,96215.65,0.00143914,sell,729140462,0.0001
2024-12-01T01:18:29.873593Z,BTC-USD,96215.65,96461.07,3179.84378997,96129.73,97282.41,528964.99125326,96215.64,0.21945914,96215.65,0.00044862,buy,729140463,0.00099052
2024-12-01T01:18:30.138025Z,BTC-USD,96215.65,96461.07,3179.84379362,96129.73,97282.41,528964.99125691,96215.64,0.21945914,96215.65,0.00044497,buy,729140464,3.65e-06
2024-12-01T01:18:30.138025Z,BTC-USD,96215.65,96461.07,3179.84384738,96129.73,97282.41,528964.99131067,96215.64,0.21945914,96215.65,0.00039121,buy,729140465,5.376e-05
2024-12-01T01:18:30.138025Z,BTC-USD,96215.65,96461.07,3179.84411842,96129.73,97282.41,528964.99158171,96215.64,0.21945914,96215.65,0.00012017,buy,729140466,0.00027104
2024-12-01T01:18:30.138025Z,BTC-USD,96215.65,96461.07,3179.84412117,96129.73,97282.41,528964.99158446,96215.64,0.21945914,96215.65,0.00011742,buy,729140467,2.75e-06
2024-12-01T01:18:30.138025Z,BTC-USD,96215.65,96461.07,3179.8442,96129.73,97282.41,528964.99166329,96215.64,0.21945914,96215.65,3.859e-05,buy,729140468,7.883e-05
2024-12-01T01:18:30.138025Z,BTC-USD,96215.65,96461.07,3179.84421227,96129.73,97282.41,528964.99167556,96215.64,0.21945914,96215.65,2.632e-05,buy,729140469,1.227e-05
2024-12-01T01:18:30.138025Z,BTC-USD,96215.65,96461.07,3179.84423859,96129.73,97282.41,528964.99170188,96215.64,0.21945914,96217.26,0.00103923,buy,729140470,2.632e-05
2024-12-01T01:18:30.138025Z,BTC-USD,96217.26,96461.07,3179.84502454,96129.73,97282.41,528964.99248783,96215.64,0.21945914,96217.26,0.00025328,buy,729140471,0.00078595
2024-12-01T01:18:30.290989Z,BTC-USD,96219.83,96461.07,3179.8587541,96129.73,97282.41,528965.00621739,96219.83,0.01627044,96219.84,0.00011914,sell,729140472,0.01372956
2024-12-01T01:18:30.396833Z,ETH-USD,3677.18,3600.96,92544.52268201,3595.03,3740.63,4414902.83786725,3677.18,1.35927712,3677.46,0.96112664,sell,574510126,0.00045895
2024-12-01T01:18:30.411753Z,ETH-USD,3677.18,3600.96,92544.52314455,3595.03,3740.63,4414902.83832979,3677.18,1.35881458,3677.43,0.00375548,sell,574510127,0.00046254
2024-12-01T01:18:30.631005Z,BTC-USD,96217.62,96461.07,3179.85891001,96129.73,97282.41,528965.0063733,96217.62,0.02410677,96219.85,0.00364373,sell,729140473,0.00015591
2024-12-01T01:18:30.801478Z,BTC-USD,96217.55,96461.07,3179.85894253,96129.73,97282.41,528965.00640582,96217.55,8.661e-05,96219.84,0.00011914,sell,729140474,3.252e-05
2024-12-01T01:18:30.903325Z,ETH-USD,3677.04,3600.96,92544.65828953,3595.03,3740.63,4414902.97347477,3677.04,0.92463502,3677.24,0.00525595,sell,574510128,0.13514498
2024-12-01T01:18:31.149699Z,BTC-USD,96217.55,96461.07,3179.85895292,96129.73,97282.41,528965.00641621,96217.55,0.00010874,96219.84,0.00011914,sell,729140475,1.039e-05
2024-12-01T01:18:31.183290Z,ETH-USD,3677.11,3600.96,92544.66203693,3595.03,3740.63,4414902.97722217,3677.1,2.50976646,3677.24,0.00525595,buy,574510129,0.0037474
2024-12-01T01:18:31.183290Z,ETH-USD,3677.24,3600.96,92544.66729288,3595.03,3740.63,4414902.98247812,3677.1,2.50976646,3677.45,0.6,buy,574510130,0.00525595
2024-12-01T01:18:31.183290Z,ETH-USD,3677.45,3600.96,92544.67881976,3595.03,3740.63,4414902.994005,3677.1,2.50976646,3677.45,0.58847312,buy,574510131,0.01152688
2024-12-01T01:18:31.503694Z,BTC-USD,96217.55,96461.07,3179.8590595,96129.73,97282.41,528965.00652279,96217.55,2.16e-06,96219.76,0.03632262,sell,729140476,0.00010658
2024-12-01T01:18:31.725326Z,ETH-USD,3677.1,3600.96,92544.76570726,3595.03,3740.63,4414903.0808925,3677.1,1.0631125,3677.11,0.00375116,sell,574510132,0.0868875
2024-12-01T01:18:32.018850Z,ETH-USD,3677.1,3600.96,92545.59244691,3595.03,3740.63,4414903.90763215,3677.1,0.23637285,3677.11,0.00375116,sell,574510133,0.82673965
2024-12-01T01:18:32.123753Z,BTC-USD,96209.92,96461.07,3179.85917864,96129.73,97282.41,528965.00664193,96209.91,0.02261041,96212.63,0.03,sell,729140477,0.00011914
2024-12-01T01:18:32.123753Z,BTC-USD,96209.91,96461.07,3179.86383737,96129.73,97282.41,528965.01130066,96209.91,0.01795168,96212.63,0.03,sell,729140478,0.00465873
2024-12-01T01:18:32.132726Z,ETH-USD,3677.05,3600.96,92545.59352644,3595.03,3740.63,4414903.90871168,3677.04,0.92463502,3677.05,0.00265188,buy,574510134,0.00107953
2024-12-01T01:18:32.826753Z,ETH-USD,3677.04,3600.96,92545.91065548,3595.03,3740.63,4414904.22584072,3677.04,0.60750598,3677.05,0.00351169,sell,574510135,0.31712904
2024-12-01T01:18:32.849277Z,BTC-USD,96209.92,96461.07,3179.86388866,96129.73,97282.41,528965.01135195,96209.92,6.785e-05,96214.79,0.04,sell,729140479,5.129e-05
2024-12-01T01:18:32.950375Z,BTC-USD,96209.92,96461.07,3179.86390564,96129.73,97282.41,528965.01136893,96209.92,0.00010216,96214.63,0.05434065,sell,729140480,1.698e-05
2024-12-01T01:18:33.166994Z,BTC-USD,96209.92,96461.07,3179.86402478,96129.73,97282.41,528965.01148807,96209.91,0.01795168,96214.43,0.00011914,sell,729140481,0.00011914
2024-12-01T01:18:33.166994Z,BTC-USD,96209.91,96461.07,3179.86705517,96129.73,97282.41,528965.01451846,96209.91,0.01492129,96214.43,0.00011914,sell,729140482,0.00303039
2024-12-01T01:18:33.279361Z,BTC-USD,96215.39,96461.07,3179.86749915,96129.73,97282.41,528965.01496244,96215.39,0.13455602,96215.4,0.00011914,sell,729140483,0.00044398
2024-12-01T01:18:34.390810Z,BTC-USD,96215.39,96461.07,3179.86751569,96129.73,97282.41,528965.01497898,96215.39,0.0001026,96215.4,0.01235138,sell,729140484,1.654e-05
2024-12-01T01:18:34.580383Z,BTC-USD,96214.66,96461.07,3179.86764709,96129.73,97282.41,528965.01511038,96214.66,0.04024314,96219.53,0.00011914,sell,729140485,0.0001314
2024-12-01T01:18:34.633435Z,BTC-USD,96214.72,96461.07,3179.86782641,96129.73,97282.41,528965.0152897,96214.72,0.02392745,96219.83,0.00011914,sell,729140486,0.00017932
2024-12-01T01:18:34.701864Z,BTC-USD,96214.73,96461.07,3179.86797729,96129.73,97282.41,528965.01544058,96214.73,0.02377657,96219.83,0.00011914,sell,729140487,0.00015088
2024-12-01T01:18:35.050416Z,BTC-USD,96216.4,96461.07,3179.86802915,96129.73,97282.41,528965.01549244,96216.4,0.02372471,96219.83,0.00011914,sell,729140488,5.186e-05
2024-12-01T01:18:35.097959Z,BTC-USD,96216.28,96461.07,3179.8680469,96129.73,97282.41,528965.01551019,96216.28,0.00010139,96219.83,0.00011914,sell,729140489,1.775e-05
2024-12-01T01:18:35.211182Z,ETH-USD,3677.66,3600.96,92545.91110335,3595.03,3740.63,4414904.22628859,3677.58,0.9046139,3677.69,0.0092974,buy,574510136,0.00044787
2024-12-01T01:18:35.211182Z,ETH-USD,3677.69,3600.96,92545.92040075,3595.03,3740.63,4414904.23558599,3677.58,0.9046139,3677.9,0.0036567,buy,574510137,0.0092974
2024-12-01T01:18:35.211182Z,ETH-USD,3677.9,3600.96,92545.92405745,3595.03,3740.63,4414904.23924269,3677.58,0.9046139,3677.92,0.01724689,buy,574510138,0.0036567
2024-12-01T01:18:35.211182Z,ETH-USD,3677.92,3600.96,92545.92502393,3595.03,3740.63,4414904.24020917,3677.58,0.9046139,3677.92,0.01628041,buy,574510139,0.00096648
2024-12-01T01:18:35.211182Z,ETH-USD,3677.92,3600.96,92545.9307736,3595.03,3740.63,4414904.24595884,3677.58,0.9046139,3677.92,0.01053074,buy,574510140,0.00574967
2024-12-01T01:18:35.211182Z,ETH-USD,3677.92,3600.96,92545.93120769,3595.03,3740.63,4414904.24639293,3677.58,0.9046139,3677.92,0.01009665,buy,574510141,0.00043409
2024-12-01T01:18:35.211182Z,ETH-USD,3677.92,3600.96,92545.93149001,3595.03,3740.63,4414904.24667525,3677.58,0.9046139,3677.92,0.00981433,buy,574510142,0.00028232
2024-12-01T01:18:35.211182Z,ETH-USD,3677.92,3600.96,92545.94130434,3595.03,3740.63,4414904.25648958,3677.58,0.9046139,3677.98,1.84399367,buy,574510143,0.00981433
2024-12-01T01:18:35.211182Z,ETH-USD,3677.98,3600.96,92545.99142748,3595.03,3740.63,4414904.30661272,3677.58,0.9046139,3677.98,1.79387053,buy,574510144,0.05012314
2024-12-01T01:18:35.220052Z,BTC-USD,96219.83,96461.07,3179.86811678,96129.73,97282.41,528965.01558007,96214.82,0.02372471,96219.83,4.926e-05,buy,729140490,6.988e-05
2024-12-01T01:18:35.741341Z,BTC-USD,96213.84,96461.07,3179.86821678,96129.73,97282.41,528965.01568007,96213.84,1.914e-05,96219.29,0.03,sell,729140491,0.0001
2024-12-01T01:18:36.463475Z,BTC-USD,96213.94,96461.07,3179.86833592,96129.73,97282.41,528965.01579921,96213.82,0.03086218,96219.51,0.03,sell,729140492,0.00011914
2024-12-01T01:18:36.463475Z,BTC-USD,96213.82,96461.07,3179.88702777,96129.73,97282.41,528965.03449106,96213.82,0.01217033,96219.51,0.03,sell,729140493,0.01869185
2024-12-01T01:18:36.576156Z,BTC-USD,96219.24,96461.07,3179.88702868,96129.73,97282.41,528965.03449197,96215.32,0.00011914,96219.24,0.05825697,buy,729140494,9.1e-07
2024-12-01T01:18:37.121158Z,BTC-USD,96209.82,96461.07,3179.88712868,96129.73,97282.41,528965.03459197,96209.81,0.0001,96214.43,0.04725429,sell,729140495,0.0001
2024-12-01T01:18:37.121158Z,BTC-USD,96209.81,96461.07,3179.88722868,96129.73,97282.41,528965.03469197,96208.17,0.00011915,96214.43,0.04725429,sell,729140496,0.0001
2024-12-01T01:18:37.121158Z,BTC-USD,96208.17,96461.07,3179.88734783,96129.73,97282.41,528965.03481112,96208.16,0.10267393,96214.43,0.04725429,sell,729140497,0.00011915
2024-12-01T01:18:37.121158Z,BTC-USD,96208.16,96461.07,3179.8890807,96129.73,97282.41,528965.03654399,96208.16,0.10094106,96214.43,0.04725429,sell,729140498,0.00173287
2024-12-01T01:18:37.330064Z,BTC-USD,96209.86,96461.07,3179.88919984,96129.73,97282.41,528965.03666313,96209.85,0.00415761,96213.9,0.03,sell,729140499,0.00011914
2024-12-01T01:18:37.330064Z,BTC-USD,96209.85,96461.07,3179.89335745,96129.73,97282.41,528965.04082074,96208.48,0.01633755,96213.9,0.03,sell,729140500,0.00415761
2024-12-01T01:18:37.330064Z,BTC-USD,96208.48,96461.07,3179.89957775,96129.73,97282.41,528965.04704104,96208.48,0.01011725,96213.9,0.03,sell,729140501,0.0062203
2024-12-01T01:18:37.481267Z,ETH-USD,3677.65,3600.96,92545.99328683,3595.03,3740.63,4414904.30847207,3677.65,1.3577045,3677.66,0.03731439,sell,574510145,0.00185935
2024-12-01T01:18:37.551698Z,ETH-USD,3677.66,3600.96,92545.99392567,3595.03,3740.63,4414904.30911091,3677.65,1.3577045,3677.66,0.03667555,buy,574510146,0.00063884
2024-12-01T01:18:37.551698Z,ETH-USD,3677.66,3600.96,92545.99628831,3595.03,3740.63,4414904.31147355,3677.65,1.3577045,3677.66,0.03431291,buy,574510147,0.00236264
2024-12-01T01:18:37.613670Z,BTC-USD,96208.5,96461.07,3179.89964905,96129.73,97282.41,528965.04711234,96208.5,4.785e-05,96213.24,0.04695896,sell,729140502,7.13e-05
2024-12-01T01:18:37.628369Z,BTC-USD,96213.2,96461.07,3179.89966557,96129.73,97282.41,528965.04712886,96208.5,4.785e-05,96213.2,0.13376803,buy,729140503,1.652e-05
2024-12-01T01:18:37.782654Z,ETH-USD,3677.65,3600.96,92546.05121588,3595.03,3740.63,4414904.36640112,3677.65,1.30277693,3677.66,0.03438478,sell,574510148,0.05492757
2024-12-01T01:18:37.939332Z,BTC-USD,96208.71,96461.07,3179.89978472,96129.73,97282.41,528965.04724801,96208.71,0.09928767,96214.18,0.02160507,sell,729140504,0.00011915
2024-12-01T01:18:37.939332Z,BTC-USD,96208.71,96461.07,3179.89992519,96129.73,97282.41,528965.04738848,96208.71,0.0991472,96214.18,0.02160507,sell,729140505,0.00014047
2024-12-01T01:18:37.941943Z,ETH-USD,3677.66,3600.96,92546.05148221,3595.03,3740.63,4414904.36666745,3677.65,1.30277693,3677.66,0.03411845,buy,574510149,0.00026633
2024-12-01T01:18:37.984425Z,ETH-USD,3677.66,3600.96,92546.0516528,3595.03,3740.63,4414904.36683804,3677.65,1.30277693,3677.66,0.03394786,buy,574510150,0.00017059
2024-12-01T01:18:37.984425Z,ETH-USD,3677.66,3600.96,92546.05389174,3595.03,3740.63,4414904.36907698,3677.65,1.30277693,3677.66,0.03170892,buy,574510151,0.00223894
2024-12-01T01:18:37.984425Z,ETH-USD,3677.66,3600.96,92546.05415395,3595.03,3740.63,4414904.36933919,3677.65,1.30277693,3677.66,0.03144671,buy,574510152,0.00026221
2024-12-01T01:18:37.984425Z,ETH-USD,3677.66,3600.96,92546.0564656,3595.03,3740.63,4414904.37165084,3677.65,1.30277693,3677.66,0.02913506,buy,574510153,0.00231165
2024-12-01T01:18:38.050177Z,BTC-USD,96209.04,96461.07,3179.89994606,96129.73,97282.41,528965.04740935,96209.04,0.13509827,96213.92,0.01806352,sell,729140506,2.087e-05
2024-12-01T01:18:38.250627Z,ETH-USD,3677.65,3600.96,92546.06388137,3595.03,3740.63,4414904.37906661,3677.65,1.29536116,3677.66,0.04036252,sell,574510154,0.00741577
2024-12-01T01:18:38.325387Z,ETH-USD,3677.66,3600.96,92546.06886526,3595.03,3740.63,4414904.3840505,3677.65,1.29536116,3677.66,0.03537863,buy,574510155,0.00498389
2024-12-01T01:18:39.131936Z,BTC-USD,96208.99,96461.07,3179.89995032,96129.73,97282.41,528965.04741361,96208.99,0.00011488,96212.59,0.00011914,sell,729140507,4.26e-06
2024-12-01T01:18:39.207329Z,ETH-USD,3677.66,3600.96,92546.07103425,3595.03,3740.63,4414904.38621949,3677.65,1.29536116,3677.66,0.03320964,buy,574510156,0.00216899
2024-12-01T01:18:39.226697Z,ETH-USD,3677.66,3600.96,92546.07103696,3595.03,3740.63,4414904.3862222,3677.65,1.29536116,3677.66,0.03320693,buy,574510157,2.71e-06
2024-12-01T01:18:39.646206Z,BTC-USD,96210.34,96461.07,3179.92995032,96129.73,97282.41,528965.07741361,96210.33,0.00011914,96210.34,0.10489,buy,729140508,0.03
2024-12-01T01:18:39.646206Z,BTC-USD,96210.34,96461.07,3180.003115,96129.73,97282.41,528965.15057829,96210.33,0.00011914,96210.34,0.03172532,buy,729140509,0.07316468
2024-12-01T01:18:39.699902Z,ETH-USD,3677.65,3600.96,92546.11956781,3595.03,3740.63,4414904.43475305,3677.65,1.24683031,3677.66,0.03320693,sell,574510158,0.04853085
2024-12-01T01:18:39.747892Z,ETH-USD,3677.66,3600.96,92546.1231772,3595.03,3740.63,4414904.43836244,3677.65,1.24683031,3677.66,0.02959754,buy,574510159,0.00360939
2024-12-01T01:18:39.747892Z,ETH-USD,3677.66,3600.96,92546.13248603,3595.03,3740.63,4414904.44767127,3677.65,1.24683031,3677.66,0.02028871,buy,574510160,0.00930883
2024-12-01T01:18:39.747892Z,ETH-USD,3677.66,3600.96,92546.13777649,3595.03,3740.63,4414904.45296173,3677.65,1.24683031,3677.66,0.01499825,buy,574510161,0.00529046
2024-12-01T01:18:39.747892Z,ETH-USD,3677.66,3600.96,92546.13784836,3595.03,3740.63,4414904.4530336,3677.65,1.24683031,3677.66,0.01492638,buy,574510162,7.187e-05
2024-12-01T01:18:39.747892Z,ETH-USD,3677.66,3600.96,92546.13828155,3595.03,3740.63,4414904.45346679,3677.65,1.24683031,3677.66,0.01449319,buy,574510163,0.00043319
2024-12-01T01:18:39.747892Z,ETH-USD,3677.66,3600.96,92546.14649005,3595.03,3740.63,4414904.46167529,3677.65,1.24683031,3677.66,0.00628469,buy,574510164,0.0082085
2024-12-01T01:18:39.760074Z,BTC-USD,96210.33,96461.07,3180.00311686,96129.73,97282.41,528965.15058015,96210.33,0.00011728,96210.34,0.03172532,sell,729140510,1.86e-06
2024-12-01T01:18:39.765347Z,ETH-USD,3677.66,3600.96,92546.14653492,3595.03,3740.63,4414904.46172016,3677.65,1.24683031,3677.66,0.00623982,buy,574510165,4.487e-05
2024-12-01T01:18:39.806209Z,BTC-USD,96210.33,96461.07,3180.00318909,96129.73,97282.41,528965.15065238,96210.33,4.505e-05,96210.34,0.03172532,sell,729140511,7.223e-05
2024-12-01T01:18:39.839401Z,BTC-USD,96210.33,96461.07,3180.00330823,96129.73,97282.41,528965.15077152,96208.49,0.02278914,96210.34,0.03172532,sell,729140512,0.00011914
2024-12-01T01:18:39.839401Z,BTC-USD,96208.49,96461.07,3180.00365069,96129.73,97282.41,528965.15111398,96208.49,0.02244668,96210.34,0.03172532,sell,729140513,0.00034246
2024-12-01T01:18:39.996479Z,BTC-USD,96208.5,96461.07,3180.00369482,96129.73,97282.41,528965.15115811,96208.5,7.502e-05,96214.27,0.02565602,sell,729140514,4.413e-05
2024-12-01T01:18:40.123119Z,BTC-USD,96214.07,96461.07,3180.00371041,96129.73,97282.41,528965.1511737,96209.51,0.135,96214.07,0.00010355,buy,729140515,1.559e-05
2024-12-01T01:18:40.281175Z,BTC-USD,96213.97,96461.07,3180.00375167,96129.73,97282.41,528965.15121496,96208.87,0.03,96213.97,0.05952257,buy,729140516,4.126e-05
2024-12-01T01:18:40.418615Z,BTC-USD,96208.62,96461.07,3180.00381772,96129.73,97282.41,528965.15128101,96208.62,0.03710517,96213.92,0.10269057,sell,729140517,6.605e-05
2024-12-01T01:18:40.428407Z,ETH-USD,3677.65,3600.96,92547.39336523,3595.03,3740.63,4414905.70855047,3677.42,1.35964888,3677.66,0.01765363,sell,574510166,1.24683031
2024-12-01T01:18:40.495933Z,BTC-USD,96213.84,96461.07,3180.00874675,96129.73,97282.41,528965.15621004,96208.63,0.00011915,96213.84,0.0058735,buy,729140518,0.00492903
2024-12-01T01:18:40.690733Z,BTC-USD,96213.66,96461.07,3180.00888577,96129.73,97282.41,528965.15634906,96208.5,0.00011915,96213.66,0.00746099,buy,729140519,0.00013902
2024-12-01T01:18:40.731679Z,ETH-USD,3677.43,3600.96,92547.39763729,3595.03,3740.63,4414905.71282253,3677.42,1.35964888,3677.52,0.73551721,buy,574510167,0.00427206
2024-12-01T01:18:40.731679Z,ETH-USD,3677.52,3600.96,92547.42028746,3595.03,3740.63,4414905.7354727,3677.42,1.35964888,3677.52,0.71286704,buy,574510168,0.02265017
2024-12-01T01:18:41.595543Z,BTC-USD,96209.16,96461.07,3180.00898577,96129.73,97282.41,528965.15644906,96209.16,1.914e-05,96213.53,0.04678878,sell,729140520,0.0001
2024-12-01T01:18:41.748105Z,ETH-USD,3677.29,3600.96,92547.42677637,3595.03,3740.63,4414905.74196161,3677.29,1.35320732,3677.3,0.00387663,sell,574510169,0.00648891
2024-12-01T01:18:41.867666Z,ETH-USD,3677.29,3600.96,92547.43117927,3595.03,3740.63,4414905.74636451,3677.29,1.34880442,3677.3,0.00387663,sell,574510170,0.0044029
2024-12-01T01:18:41.879029Z,ETH-USD,3677.29,3600.96,92547.43165394,3595.03,3740.63,4414905.74683918,3677.29,1.34832975,3677.3,0.00387663,sell,574510171,0.00047467
2024-12-01T01:18:42.028068Z,BTC-USD,96213.3,96461.07,3180.00910491,96129.73,97282.41,528965.1565682,96209.18,0.00011914,96213.3,0.05831084,buy,729140521,0.00011914
2024-12-01T01:18:42.028068Z,BTC-USD,96213.3,96461.07,3180.00934588,96129.73,97282.41,528965.15680917,96209.18,0.00011914,96213.3,0.05806987,buy,729140522,0.00024097
2024-12-01T01:18:42.673119Z,BTC-USD,96209.44,96461.07,3180.00943992,96129.73,97282.41,528965.15690321,96209.44,2.51e-05,96213.51,0.00011914,sell,729140523,9.404e-05
2024-12-01T01:18:42.723248Z,BTC-USD,96213.51,96461.07,3180.0095061,96129.73,97282.41,528965.15696939,96209.44,0.00011914,96213.51,5.296e-05,buy,729140524,6.618e-05
2024-12-01T01:18:43.089132Z,BTC-USD,96209.46,96461.07,3180.00962524,96129.73,97282.41,528965.15708853,96209.45,0.10891547,96213.51,0.00011914,sell,729140525,0.00011914
2024-12-01T01:18:43.089132Z,BTC-USD,96209.45,96461.07,3180.01006908,96129.73,97282.41,528965.15753237,96209.45,0.10847163,96213.51,0.00011914,sell,729140526,0.00044384
2024-12-01T01:18:43.296010Z,BTC-USD,96209.46,96461.07,3180.01018822,96129.73,97282.41,528965.15765151,96209.45,0.10847163,96213.51,0.00011914,sell,729140527,0.00011914
2024-12-01T01:18:43.296010Z,BTC-USD,96209.45,96461.07,3180.01046402,96129.73,97282.41,528965.15792731,96209.45,0.10819583,96213.51,0.00011914,sell,729140528,0.0002758
2024-12-01T01:18:43.301089Z,ETH-USD,3677.43,3600.96,92547.43668899,3595.03,3740.63,4414905.75187423,3677.42,1.35964888,3677.43,8.89e-05,buy,574510172,0.00503505
2024-12-01T01:18:43.301089Z,ETH-USD,3677.43,3600.96,92547.43677789,3595.03,3740.63,4414905.75196313,3677.42,1.35964888,3677.66,0.01343346,buy,574510173,8.89e-05
2024-12-01T01:18:43.301089Z,ETH-USD,3677.66,3600.96,92547.43715394,3595.03,3740.63,4414905.75233918,3677.42,1.35964888,3677.66,0.01305741,buy,574510174,0.00037605
2024-12-01T01:18:43.519876Z,ETH-USD,3677.57,3600.96,92547.438022,3595.03,3740.63,4414905.75320724,3677.57,1.35872453,3677.66,0.01305741,sell,574510175,0.00086806
2024-12-01T01:18:43.854735Z,BTC-USD,96209.86,96461.07,3180.01047342,96129.73,97282.41,528965.15793671,96209.86,0.02371531,96214.21,0.00011914,sell,729140529,9.4e-06
2024-12-01T01:18:43.860148Z,ETH-USD,3677.47,3600.96,92547.43826076,3595.03,3740.63,4414905.753446,3677.46,1.35963409,3677.47,0.00364197,buy,574510176,0.00023876
2024-12-01T01:18:43.987509Z,ETH-USD,3677.47,3600.96,92567.48368528,3595.03,3740.63,4414925.79887052,3677.46,1.35963409,3677.47,0.00189552,buy,574510177,0.00174645
2024-12-01T01:18:44.043783Z,ETH-USD,3677.57,3600.96,92567.48823436,3595.03,3740.63,4414925.8034196,3677.57,2.7146358,3677.58,0.0038486,sell,574510178,0.00454908
2024-12-01T01:18:44.203634Z,ETH-USD,3677.58,3600.96,92567.48831405,3595.03,3740.63,4414925.80349929,3677.57,2.7146358,3677.58,0.00376891,buy,574510179,7.969e-05
2024-12-01T01:18:45.073472Z,BTC-USD,96210.02,96461.07,3181.26366214,96129.73,97282.41,528966.41112543,96210.02,3.399e-05,96214.09,0.00011914,sell,729140530,8.515e-05
2024-12-01T01:18:45.160385Z,ETH-USD,3677.58,3600.96,92567.49217702,3595.03,3740.63,4414925.80736226,3677.57,1.35504434,3677.66,0.01305741,buy,574510180,0.00386297
2024-12-01T01:18:45.160385Z,ETH-USD,3677.66,3600.96,92567.4935476,3595.03,3740.63,4414925.80873284,3677.57,1.35504434,3677.66,0.01168683,buy,574510181,0.00137058
2024-12-01T01:18:45.160385Z,ETH-USD,3677.66,3600.96,92567.49382062,3595.03,3740.63,4414925.80900586,3677.57,1.35504434,3677.66,0.01141381,buy,574510182,0.00027302
2024-12-01T01:18:45.160385Z,ETH-USD,3677.66,3600.96,92567.49464346,3595.03,3740.63,4414925.8098287,3677.57,1.35504434,3677.66,0.01059097,buy,574510183,0.00082284
2024-12-01T01:18:45.396027Z,BTC-USD,96210.3,96461.07,3181.26378127,96129.73,97282.41,528966.41124456,96210.29,0.0405,96214.13,0.00011914,sell,729140531,0.00011913
2024-12-01T01:18:45.396027Z,BTC-USD,96210.29,96461.07,3181.26444948,96129.73,97282.41,528966.41191277,96210.29,0.03983179,96214.13,0.00011914,sell,729140532,0.00066821
2024-12-01T01:18:45.645704Z,ETH-USD,3677.58,3600.96,92567.49497469,3595.03,3740.63,4414925.81015993,3677.57,1.35504434,3677.66,0.01663321,buy,574510184,0.00033123
2024-12-01T01:18:45.645704Z,ETH-USD,3677.66,3600.96,92567.49592157,3595.03,3740.63,4414925.81110681,3677.57,1.35504434,3677.66,0.01568633,buy,574510185,0.00094688
2024-12-01T01:18:45.645704Z,ETH-USD,3677.66,3600.96,92567.50536819,3595.03,3740.63,4414925.82055343,3677.57,1.35504434,3677.66,0.00623971,buy,574510186,0.00944662
2024-12-01T01:18:45.645704Z,ETH-USD,3677.66,3600.96,92567.50556566,3595.03,3740.63,4414925.8207509,3677.57,1.35504434,3677.66,0.00604224,buy,574510187,0.00019747
2024-12-01T01:18:45.645704Z,ETH-USD,3677.66,3600.96,92567.51125346,3595.03,3740.63,4414925.8264387,3677.57,1.35504434,3677.66,0.00035444,buy,574510188,0.0056878
2024-12-01T01:18:45.689277Z,ETH-USD,3677.66,3600.96,92567.5116079,3595.03,3740.63,4414925.82679314,3677.65,2.97962,3677.66,0.00384764,buy,574510189,0.00035444
2024-12-01T01:18:45.689277Z,ETH-USD,3677.66,3600.96,92567.51545554,3595.03,3740.63,4414925.83064078,3677.65,2.97962,3677.98,1.66751895,buy,574510190,0.00384764
2024-12-01T01:18:45.750015Z,ETH-USD,3677.66,3600.96,92567.5155873,3595.03,3740.63,4414925.83077254,3677.65,2.97962,3677.66,0.0012549,buy,574510191,0.00013176
2024-12-01T01:18:45.750015Z,ETH-USD,3677.66,3600.96,92567.5168422,3595.03,3740.63,4414925.83202744,3677.65,2.97962,3677.98,0.00385152,buy,574510192,0.0012549
2024-12-01T01:18:45.777420Z,ETH-USD,3677.98,3600.96,92567.52069372,3595.03,3740.63,4414925.83587896,3677.97,1.89962,3677.99,1.09451358,buy,574510193,0.00385152
2024-12-01T01:18:45.777420Z,ETH-USD,3677.99,3600.96,92568.6152073,3595.03,3740.63,4414926.93039254,3677.97,1.89962,3678.0,2.6,buy,574510194,1.09451358
2024-12-01T01:18:45.777420Z,ETH-USD,3678.0,3600.96,92571.2152073,3595.03,3740.63,4414929.53039254,3677.97,1.89962,3678.35,0.97864633,buy,574510195,2.6
2024-12-01T01:18:45.791320Z,BTC-USD,96214.14,96461.07,3181.27992625,96129.73,97282.41,528966.42738954,96214.13,0.195,96214.22,0.00712717,buy,729140533,0.01547677
2024-12-01T01:18:45.791320Z,BTC-USD,96214.22,96461.07,3181.28705342,96129.73,97282.41,528966.43451671,96214.13,0.195,96219.13,0.00011914,buy,729140534,0.00712717
2024-12-01T01:18:45.852662Z,BTC-USD,96219.84,96461.07,3181.28710366,96129.73,97282.41,528966.43456695,96219.83,0.135,96219.84,0.0008793,buy,729140535,5.024e-05
2024-12-01T01:18:45.852662Z,BTC-USD,96219.84,96461.07,3181.28710941,96129.73,97282.41,528966.4345727,96219.83,0.135,96219.84,0.00087355,buy,729140536,5.75e-06
2024-12-01T01:18:45.852662Z,BTC-USD,96219.84,96461.07,3181.28713292,96129.73,97282.41,528966.43459621,96219.83,0.135,96219.84,0.00085004,buy,729140537,2.351e-05
2024-12-01T01:18:45.852662Z,BTC-USD,96219.84,96461.07,3181.2876323,96129.73,97282.41,528966.43509559,96219.83,0.135,96219.84,0.00035066,buy,729140538,0.00049938
2024-12-01T01:18:46.048547Z,BTC-USD,96219.83,96461.07,3181.28764887,96129.73,97282.41,528966.43511216,96219.83,0.17074256,96219.84,0.00035066,sell,729140539,1.657e-05
2024-12-01T01:18:46.115876Z,BTC-USD,96219.84,96461.07,3181.28771864,96129.73,97282.41,528966.43518193,96219.83,0.17074256,96219.84,0.00028089,buy,729140540,6.977e-05
2024-12-01T01:18:46.115876Z,BTC-USD,96219.84,96461.07,3181.28782179,96129.73,97282.41,528966.43528508,96219.83,0.17074256,96219.84,0.00017774,buy,729140541,0.00010315
2024-12-01T01:18:46.123304Z,BTC-USD,96219.84,96461.07,3181.28788219,96129.73,97282.41,528966.43534548,96219.83,0.17074256,96219.84,0.00011734,buy,729140542,6.04e-05
2024-12-01T01:18:46.123304Z,BTC-USD,96219.84,96461.07,3181.28790411,96129.73,97282.41,528966.4353674,96219.83,0.17074256,96219.84,9.542e-05,buy,729140543,2.192e-05
2024-12-01T01:18:46.143861Z,ETH-USD,3678.33,3600.96,92571.22024228,3595.03,3740.63,4414929.53542752,3678.32,0.81962,3678.33,0.0038099,buy,574510196,0.00503498
2024-12-01T01:18:46.143861Z,ETH-USD,3678.33,3600.96,92571.2240373,3595.03,3740.63,4414929.53922254,3678.32,0.81962,3678.33,1.488e-05,buy,574510197,0.00379502
2024-12-01T01:18:46.145105Z,ETH-USD,3678.33,3600.96,92571.22405218,3595.03,3740.63,4414929.53923742,3678.32,0.81962,3678.36,0.27194197,buy,574510198,1.488e-05
2024-12-01T01:18:46.145105Z,ETH-USD,3678.36,3600.96,92571.4959773,3595.03,3740.63,4414929.81116254,3678.32,0.81962,3678.36,1.685e-05,buy,574510199,0.27192512
2024-12-01T01:18:46.228953Z,ETH-USD,3678.36,3600.96,92571.49599415,3595.03,3740.63,4414929.81117939,3678.35,2.58163381,3678.48,2.719124,buy,574510200,1.685e-05
2024-12-01T01:18:46.228953Z,ETH-USD,3678.48,3600.96,92573.65559469,3595.03,3740.63,4414931.97077993,3678.35,2.58163381,3678.48,0.55952346,buy,574510201,2.15960054
2024-12-01T01:18:46.229622Z,ETH-USD,3678.48,3600.96,92574.21511815,3595.03,3740.63,4414932.53030339,3678.35,2.58163381,3679.01,0.00380159,buy,574510202,0.55952346
2024-12-01T01:18:46.242903Z,ETH-USD,3678.47,3600.96,92574.21891974,3595.03,3740.63,4414932.53410498,3678.46,1.89962,3679.02,3.46937102,buy,574510203,0.00380159
2024-12-01T01:18:46.242903Z,ETH-USD,3679.02,3600.96,92574.24203744,3595.03,3740.63,4414932.55722268,3678.46,1.89962,3679.02,3.44625332,buy,574510204,0.0231177
2024-12-01T01:18:46.494637Z,ETH-USD,3678.68,3600.96,92574.24582712,3595.03,3740.63,4414932.56101236,3678.67,2.17880688,3679.13,0.6,buy,574510205,0.00378968
2024-12-01T01:18:46.516811Z,BTC-USD,96219.84,96461.07,3181.28799953,96129.73,97282.41,528966.43546282,96219.83,0.13511913,96219.84,0.00073269,buy,729140544,9.542e-05
2024-12-01T01:18:46.516811Z,BTC-USD,96219.84,96461.07,3181.28856868,96129.73,97282.41,528966.43603197,96219.83,0.13511913,96219.84,0.00016354,buy,729140545,0.00056915
2024-12-01T01:18:46.516811Z,BTC-USD,96219.84,96461.07,3181.28873222,96129.73,97282.41,528966.43619551,96219.83,0.13511913,96219.85,0.00364373,buy,729140546,0.00016354
2024-12-01T01:18:46.516811Z,BTC-USD,96219.85,96461.07,3181.29237595,96129.73,97282.41,528966.43983924,96219.83,0.13511913,96229.67,0.03419108,buy,729140547,0.00364373
2024-12-01T01:18:46.665827Z,BTC-USD,96221.47,96461.07,3181.29239195,96129.73,97282.41,528966.43985524,96221.47,0.05886655,96229.63,0.00011913,sell,729140548,1.6e-05
2024-12-01T01:18:46.765406Z,ETH-USD,3678.91,3600.96,92574.27701605,3595.03,3740.63,4414932.59220129,3678.91,1.32790648,3678.94,0.00375246,sell,574510206,0.03118893
2024-12-01T01:18:47.126447Z,ETH-USD,3679.01,3600.96,92574.28046777,3595.03,3740.63,4414932.59565301,3679.0,1.35906185,3679.3,0.01113178,buy,574510207,0.00345172
2024-12-01T01:18:47.126447Z,ETH-USD,3679.3,3600.96,92574.28939234,3595.03,3740.63,4414932.60457758,3679.0,1.35906185,3679.3,0.00220721,buy,574510208,0.00892457
2024-12-01T01:18:47.126447Z,ETH-USD,3679.3,3600.96,92574.29116231,3595.03,3740.63,4414932.60634755,3679.0,1.35906185,3679.3,0.00043724,buy,574510209,0.00176997
2024-12-01T01:18:47.126447Z,ETH-USD,3679.3,3600.96,92574.29159955,3595.03,3740.63,4414932.60678479,3679.0,1.35906185,3679.31,0.68201381,buy,574510210,0.00043724
2024-12-01T01:18:47.126447Z,ETH-USD,3679.31,3600.96,92574.34461959,3595.03,3740.63,4414932.65980483,3679.0,1.35906185,3679.31,0.62899377,buy,574510211,0.05302004
2024-12-01T01:18:47.137768Z,BTC-USD,96229.6,96461.07,3181.29251107,96129.73,97282.41,528966.43997436,96223.28,0.03,96229.61,0.09243888,buy,729140549,0.00011912
2024-12-01T01:18:47.137768Z,BTC-USD,96229.61,96461.07,3181.29598263,96129.73,97282.41,528966.44344592,96223.28,0.03,96229.61,0.08896732,buy,729140550,0.00347156
2024-12-01T01:18:47.307309Z,ETH-USD,3679.0,3600.96,92574.82829122,3595.03,3740.63,4414933.14347646,3679.0,0.87539333,3679.01,0.00765078,sell,574510212,0.48367163
2024-12-01T01:18:47.533427Z,BTC-USD,96223.27,96461.07,3181.29608263,96129.73,97282.41,528966.44354592,96223.27,1.913e-05,96229.51,0.00011912,sell,729140551,0.0001
2024-12-01T01:18:47.563566Z,BTC-USD,96229.5,96461.07,3181.29609912,96129.73,97282.41,528966.44356241,96223.27,0.00011913,96229.5,0.08339326,buy,729140552,1.649e-05
2024-12-01T01:18:47.673415Z,BTC-USD,96223.29,96461.07,3181.29616914,96129.73,97282.41,528966.44363243,96223.29,4.911e-05,96229.49,0.09717674,sell,729140553,7.002e-05
2024-12-01T01:18:47.849459Z,BTC-USD,96223.27,96461.07,3181.29618829,96129.73,97282.41,528966.44365158,96223.27,9.998e-05,96229.33,0.12826889,sell,729140554,1.915e-05
2024-12-01T01:18:47.854888Z,ETH-USD,3679.01,3600.96,92574.8287773,3595.03,3740.63,4414933.14396254,3679.0,1.35906496,3679.01,0.01098913,buy,574510213,0.00048608
2024-12-01T01:18:48.375265Z,BTC-USD,96223.36,96461.07,3181.29905476,96129.73,97282.41,528966.44651805,96223.36,0.02713353,96229.31,0.00011911,sell,729140555,0.00286647
2024-12-01T01:18:48.480823Z,ETH-USD,3679.0,3600.96,92575.8287773,3595.03,3740.63,4414934.14396254,3679.0,0.35906496,3679.01,0.00725584,sell,574510214,1.0
2024-12-01T01:18:48.595569Z,ETH-USD,3679.01,3600.96,92575.82953855,3595.03,3740.63,4414934.14472379,3679.0,2.25868496,3679.01,0.00649459,buy,574510215,0.00076125
2024-12-01T01:18:48.595569Z,ETH-USD,3679.01,3600.96,92575.82974057,3595.03,3740.63,4414934.14492581,3679.0,2.25868496,3679.01,0.00629257,buy,574510216,0.00020202
2024-12-01T01:18:48.595569Z,ETH-USD,3679.01,3600.96,92575.835942,3595.03,3740.63,4414934.15112724,3679.0,2.25868496,3679.01,9.114e-05,buy,574510217,0.00620143
2024-12-01T01:18:48.595569Z,ETH-USD,3679.01,3600.96,92575.83603314,3595.03,3740.63,4414934.15121838,3679.0,2.25868496,3679.39,0.00380379,buy,574510218,9.114e-05
2024-12-01T01:18:48.812306Z,BTC-USD,96229.31,96461.07,3181.29906515,96129.73,97282.41,528966.44652844,96223.59,0.03,96229.31,0.00010872,buy,729140556,1.039e-05
2024-12-01T01:18:48.824690Z,ETH-USD,3679.1,3600.96,92575.83983693,3595.03,3740.63,4414934.15502217,3679.09,3.25865171,3679.58,0.3,buy,574510219,0.00380379
2024-12-01T01:18:48.973384Z,BTC-USD,96229.31,96461.07,3181.29917387,96129.73,97282.41,528966.44663716,96223.84,0.03,96229.32,0.08329063,buy,729140557,0.00010872
2024-12-01T01:18:48.973384Z,BTC-USD,96229.32,96461.07,3181.30112307,96129.73,97282.41,528966.44858636,96223.84,0.03,96229.32,0.08134143,buy,729140558,0.0019492
2024-12-01T01:18:49.100986Z,BTC-USD,96229.3,96461.07,3181.30124219,96129.73,97282.41,528966.44870548,96223.96,0.03,96229.31,0.08134143,buy,729140559,0.00011912
2024-12-01T01:18:49.100986Z,BTC-USD,96229.31,96461.07,3181.30130183,96129.73,97282.41,528966.44876512,96223.96,0.03,96229.31,0.08128179,buy,729140560,5.964e-05
2024-12-01T01:18:49.657133Z,ETH-USD,3679.09,3600.96,92577.19886864,3595.03,3740.63,4414935.51405388,3678.88,0.05435785,3679.1,0.22485758,sell,574510220,1.35903171
2024-12-01T01:18:49.879235Z,ETH-USD,3678.72,3600.96,92577.20383715,3595.03,3740.63,4414935.51902239,3678.72,2.98919936,3678.73,0.00378372,sell,574510221,0.00496851
2024-12-01T01:18:49.905794Z,ETH-USD,3678.73,3600.96,92577.20762087,3595.03,3740.63,4414935.52280611,3678.72,2.98919936,3679.06,0.6,buy,574510222,0.00378372
2024-12-01T01:18:49.905794Z,ETH-USD,3679.06,3600.96,92577.23106601,3595.03,3740.63,4414935.54625125,3678.72,2.98919936,3679.06,0.57655486,buy,574510223,0.02344514
2024-12-01T01:18:50.211345Z,ETH-USD,3678.72,3600.96,92577.23650433,3595.03,3740.63,4414935.55168957,3678.72,1.62956168,3678.73,0.00378372,sell,574510224,0.00543832
2024-12-01T01:18:50.243124Z,BTC-USD,96224.02,96461.07,3181.30136849,96129.73,97282.41,528966.44883178,96224.02,0.02993334,96229.49,0.00011912,sell,729140561,6.666e-05
2024-12-01T01:18:50.354727Z,ETH-USD,3678.72,3600.96,92578.86606601,3595.03,3740.63,4414937.18125125,3678.48,0.15047653,3678.73,0.00378372,sell,574510225,1.62956168
2024-12-01T01:18:50.568087Z,BTC-USD,96229.5,96461.07,3181.30148761,96129.73,97282.41,528966.4489509,96223.85,0.03,96229.51,0.00011736,buy,729140562,0.00011912
2024-12-01T01:18:50.568087Z,BTC-USD,96229.51,96461.07,3181.30160497,96129.73,97282.41,528966.44906826,96223.85,0.03,96229.62,7.743e-05,buy,729140563,0.00011736
2024-12-01T01:18:50.568087Z,BTC-USD,96229.62,96461.07,3181.30165389,96129.73,97282.41,528966.44911718,96223.85,0.03,96229.62,2.851e-05,buy,729140564,4.892e-05
2024-12-01T01:18:50.568087Z,BTC-USD,96229.62,96461.07,3181.30167666,96129.73,97282.41,528966.44913995,96223.85,0.03,96229.62,5.74e-06,buy,729140565,2.277e-05
2024-12-01T01:18:50.568087Z,BTC-USD,96229.62,96461.07,3181.3016824,96129.73,97282.41,528966.44914569,96223.85,0.03,96229.63,0.01340349,buy,729140566,5.74e-06
2024-12-01T01:18:50.568087Z,BTC-USD,96229.63,96461.07,3181.30201849,96129.73,97282.41,528966.44948178,96223.85,0.03,96229.63,0.0130674,buy,729140567,0.00033609
2024-12-01T01:18:50.716386Z,BTC-USD,96224.01,96461.07,3181.30213762,96129.73,97282.41,528966.44960091,96224.0,0.01214261,96229.5,6.449e-05,sell,729140568,0.00011913
2024-12-01T01:18:50.716386Z,BTC-USD,96224.0,96461.07,3181.30463647,96129.73,97282.41,528966.45209976,96224.0,0.00964376,96229.5,6.449e-05,sell,729140569,0.00249885
2024-12-01T01:18:51.102348Z,ETH-USD,3678.14,3600.96,92578.96218682,3595.03,3740.63,4414937.27737206,3678.13,0.68201381,3678.45,0.00503515,sell,574510226,0.09612081
2024-12-01T01:18:51.102348Z,ETH-USD,3678.13,3600.96,92578.99606601,3595.03,3740.63,4414937.31125125,3678.13,0.64813462,3678.45,0.00503515,sell,574510227,0.03387919
2024-12-01T01:18:51.235705Z,BTC-USD,96224.07,96461.07,3181.3047556,96129.73,97282.41,528966.45221889,96224.06,0.00964376,96229.5,6.449e-05,sell,729140570,0.00011913
2024-12-01T01:18:51.235705Z,BTC-USD,96224.06,96461.07,3181.30489725,96129.73,97282.41,528966.45236054,96224.06,0.00950211,96229.5,6.449e-05,sell,729140571,0.00014165
2024-12-01T01:18:51.714563Z,ETH-USD,3678.44,3600.96,92578.99639465,3595.03,3740.63,4414937.31157989,3678.43,1.35927556,3678.44,0.00325991,buy,574510228,0.00032864
2024-12-01T01:18:51.714563Z,ETH-USD,3678.44,3600.96,92578.99965456,3595.03,3740.63,4414937.3148398,3678.43,1.35927556,3678.45,0.00503515,buy,574510229,0.00325991
2024-12-01T01:18:51.714563Z,ETH-USD,3678.45,3600.96,92579.00468971,3595.03,3740.63,4414937.31987495,3678.43,1.35927556,3678.82,0.00408768,buy,574510230,0.00503515
2024-12-01T01:18:51.714563Z,ETH-USD,3678.82,3600.96,92579.00877739,3595.03,3740.63,4414937.32396263,3678.43,1.35927556,3678.83,0.6,buy,574510231,0.00408768
2024-12-01T01:18:51.714563Z,ETH-USD,3678.83,3600.96,92579.02273488,3595.03,3740.63,4414937.33792012,3678.43,1.35927556,3678.83,0.58604251,buy,574510232,0.01395749
2024-12-01T01:18:52.380578Z,BTC-USD,96229.49,96461.07,3181.30491421,96129.73,97282.41,528966.4523775,96225.64,0.00011912,96229.49,0.00010216,buy,729140572,1.696e-05
2024-12-01T01:18:52.519517Z,BTC-USD,96224.12,96461.07,3181.30493743,96129.73,97282.41,528966.45240072,96224.12,9.591e-05,96229.49,0.00011912,sell,729140573,2.322e-05
2024-12-01T01:18:52.614624Z,ETH-USD,3678.41,3600.96,92579.02295673,3595.03,3740.63,4414937.33814197,3678.03,0.09612369,3678.41,0.69370876,buy,574510233,0.00022185
2024-12-01T01:18:52.623754Z,ETH-USD,3678.03,3600.96,92579.050148,3595.03,3740.63,4414937.36533324,3678.03,0.02717858,3678.4,0.55107049,sell,574510234,0.02719127
2024-12-01T01:18:53.024733Z,BTC-USD,96215.63,96461.07,3181.30500667,96129.73,97282.41,528966.45246996,96215.63,0.02069694,96225.64,0.04067611,sell,729140574,6.924e-05
2024-12-01T01:18:53.489761Z,BTC-USD,96223.93,96461.07,3181.30550067,96129.73,97282.41,528966.45296396,96223.92,0.0001,96223.93,0.13462513,buy,729140575,0.000494
2024-12-01T01:18:53.581877Z,BTC-USD,96223.92,96461.07,3181.3055694,96129.73,97282.41,528966.45303269,96223.92,3.127e-05,96223.93,0.26962513,sell,729140576,6.873e-05
2024-12-01T01:18:53.588912Z,ETH-USD,3677.94,3600.96,92579.05479166,3595.03,3740.63,4414937.3699769,3677.93,0.05627258,3677.94,9.566e-05,buy,574510235,0.00464366
2024-12-01T01:18:53.588912Z,ETH-USD,3677.94,3600.96,92579.05488732,3595.03,3740.63,4414937.37007256,3677.93,0.05627258,3678.34,0.93670811,buy,574510236,9.566e-05
2024-12-01T01:18:53.588912Z,ETH-USD,3678.34,3600.96,92579.0576887,3595.03,3740.63,4414937.37287394,3677.93,0.05627258,3678.34,0.93390673,buy,574510237,0.00280138
2024-12-01T01:18:53.662730Z,BTC-USD,96223.92,96461.07,3181.30560067,96129.73,97282.41,528966.45306396,96214.16,0.00011914,96223.93,0.20337695,sell,729140577,3.127e-05
2024-12-01T01:18:53.662730Z,BTC-USD,96214.16,96461.07,3181.30571981,96129.73,97282.41,528966.4531831,96214.15,0.10267393,96223.93,0.20337695,sell,729140578,0.00011914
2024-12-01T01:18:53.662730Z,BTC-USD,96214.15,96461.07,3181.30660879,96129.73,97282.41,528966.45407208,96214.15,0.10178495,96223.93,0.20337695,sell,729140579,0.00088898
2024-12-01T01:18:53.741200Z,ETH-USD,3677.93,3600.96,92579.06022837,3595.03,3740.63,4414937.37541361,3677.93,0.05373291,3677.94,0.00463725,sell,574510238,0.00253967
2024-12-01T01:18:53.929443Z,BTC-USD,96214.21,96461.07,3181.30677748,96129.73,97282.41,528966.45424077,96214.21,0.02983131,96221.7,0.10501631,sell,729140580,0.00016869
2024-12-01T01:18:53.959194Z,BTC-USD,96221.64,96461.07,3181.31035828,96129.73,97282.41,528966.45782157,96214.23,0.00011914,96221.64,0.02164556,buy,729140581,0.0035808
2024-12-01T01:18:54.270267Z,ETH-USD,3677.94,3600.96,92579.06486562,3595.03,3740.63,4414937.38005086,3677.93,0.05373291,3678.14,0.02719127,buy,574510239,0.00463725
2024-12-01T01:18:54.270267Z,ETH-USD,3678.14,3600.96,92579.06655462,3595.03,3740.63,4414937.38173986,3677.93,0.05373291,3678.14,0.02550227,buy,574510240,0.001689
2024-12-01T01:18:54.367562Z,ETH-USD,3677.93,3600.96,92579.07125684,3595.03,3740.63,4414937.38644208,3677.93,0.04903069,3677.94,0.00462648,sell,574510241,0.00470222
2024-12-01T01:18:55.149331Z,BTC-USD,96214.18,96461.07,3181.3103972,96129.73,97282.41,528966.45786049,96214.18,8.022e-05,96221.42,0.02089539,sell,729140582,3.892e-05
2024-12-01T01:18:55.524025Z,BTC-USD,96214.27,96461.07,3181.31043705,96129.73,97282.41,528966.45790034,96214.27,7.929e-05,96221.39,0.02408792,sell,729140583,3.985e-05
2024-12-01T01:18:55.585436Z,ETH-USD,3677.94,3600.96,92579.07588332,3595.03,3740.63,4414937.39106856,3677.93,2.22811103,3678.32,0.6,buy,574510242,0.00462648
2024-12-01T01:18:56.131336Z,BTC-USD,96214.16,96461.07,3181.31055619,96129.73,97282.41,528966.45801948,96214.15,0.10178495,96220.64,0.01634879,sell,729140584,0.00011914
2024-12-01T01:18:56.131336Z,BTC-USD,96214.15,96461.07,3181.3117176,96129.73,97282.41,528966.45918089,96214.15,0.10062354,96220.64,0.01634879,sell,729140585,0.00116141
2024-12-01T01:18:56.162319Z,ETH-USD,3677.94,3600.96,92579.07590729,3595.03,3740.63,4414937.39109253,3677.93,2.76794919,3677.94,0.00973885,buy,574510243,2.397e-05
2024-12-01T01:18:56.270525Z,BTC-USD,96220.41,96461.07,3181.31224504,96129.73,97282.41,528966.45970833,96214.16,0.00011914,96220.41,0.01220119,buy,729140586,0.00052744
2024-12-01T01:18:56.541633Z,ETH-USD,3677.94,3600.96,92579.08061138,3595.03,3740.63,4414937.39579662,3677.93,3.58756919,3677.94,0.00503476,buy,574510244,0.00470409
2024-12-01T01:18:56.541633Z,ETH-USD,3677.94,3600.96,92579.08563729,3595.03,3740.63,4414937.40082253,3677.93,3.58756919,3677.94,8.85e-06,buy,574510245,0.00502591
2024-12-01T01:18:56.551659Z,ETH-USD,3677.94,3600.96,92579.08564614,3595.03,3740.63,4414937.40083138,3677.93,3.58756919,3677.94,0.00467854,buy,574510246,8.85e-06
2024-12-01T01:18:56.551659Z,ETH-USD,3677.94,3600.96,92579.09032468,3595.03,3740.63,4414937.40550992,3677.93,3.58756919,3678.44,0.86025569,buy,574510247,0.00467854
2024-12-01T01:18:56.687939Z,ETH-USD,3678.25,3600.96,92579.09485162,3595.03,3740.63,4414937.41003686,3678.24,1.35934577,3678.25,0.00368861,buy,574510248,0.00452694
2024-12-01T01:18:56.765380Z,BTC-USD,96214.32,96461.07,3181.31236418,96129.73,97282.41,528966.45982747,96214.31,0.00950211,96221.38,0.00011913,sell,729140587,0.00011914
2024-12-01T01:18:56.765380Z,BTC-USD,96214.31,96461.07,3181.32186629,96129.73,97282.41,528966.46932958,96214.3,0.10475504,96221.38,0.00011913,sell,729140588,0.00950211
2024-12-01T01:18:56.765380Z,BTC-USD,96214.3,96461.07,3181.33515386,96129.73,97282.41,528966.48261715,96214.3,0.09146747,96221.38,0.00011913,sell,729140589,0.01328757
2024-12-01T01:18:56.932178Z,ETH-USD,3677.99,3600.96,92579.09938409,3595.03,3740.63,4414937.41456933,3677.98,0.05437088,3678.25,0.00368308,buy,574510249,0.00453247
2024-12-01T01:18:57.082397Z,ETH-USD,3678.25,3600.96,92579.09971894,3595.03,3740.63,4414937.41490418,3677.98,0.05437088,3678.25,0.00334823,buy,574510250,0.00033485
2024-12-01T01:18:57.082397Z,ETH-USD,3678.25,3600.96,92579.10306717,3595.03,3740.63,4414937.41825241,3677.98,0.05437088,3678.56,0.00450445,buy,574510251,0.00334823
2024-12-01T01:18:57.082397Z,ETH-USD,3678.56,3600.96,92579.10757162,3595.03,3740.63,4414937.42275686,3677.98,0.05437088,3678.57,0.01159111,buy,574510252,0.00450445
2024-12-01T01:18:57.082397Z,ETH-USD,3678.57,3600.96,92579.10803438,3595.03,3740.63,4414937.42321962,3677.98,0.05437088,3678.57,0.01112835,buy,574510253,0.00046276
2024-12-01T01:18:57.082397Z,ETH-USD,3678.57,3600.96,92579.10993963,3595.03,3740.63,4414937.42512487,3677.98,0.05437088,3678.57,0.0092231,buy,574510254,0.00190525
2024-12-01T01:18:57.082397Z,ETH-USD,3678.57,3600.96,92579.11227952,3595.03,3740.63,4414937.42746476,3677.98,0.05437088,3678.57,0.00688321,buy,574510255,0.00233989
2024-12-01T01:18:57.178072Z,BTC-USD,96221.0,96461.07,3181.33515906,96129.73,97282.41,528966.48262235,96215.17,0.03,96221.0,0.00011393,buy,729140590,5.2e-06
2024-12-01T01:18:57.322459Z,BTC-USD,96221.01,96461.07,3181.3354267,96129.73,97282.41,528966.48288999,96214.45,0.00011914,96221.01,0.05546949,buy,729140591,0.00026764
2024-12-01T01:18:57.406070Z,BTC-USD,96221.01,96461.07,3181.33561716,96129.73,97282.41,528966.48308045,96214.77,0.00011914,96221.01,0.05527903,buy,729140592,0.00019046
2024-12-01T01:18:57.500093Z,ETH-USD,3678.39,3600.96,92579.12573949,3595.03,3740.63,4414937.44092473,3678.01,0.05437088,3678.39,0.26648323,buy,574510256,0.01345997
2024-12-01T01:18:57.517766Z,BTC-USD,96221.0,96461.07,3181.33573629,96129.73,97282.41,528966.48319958,96215.24,0.02052825,96221.01,0.05527903,buy,729140593,0.00011913
2024-12-01T01:18:57.517766Z,BTC-USD,96221.01,96461.07,3181.34076216,96129.73,97282.41,528966.48822545,96215.24,0.02052825,96221.01,0.05025316,buy,729140594,0.00502587
2024-12-01T01:18:57.566913Z,ETH-USD,3678.33,3600.96,92579.12614601,3595.03,3740.63,4414937.44133125,3678.01,0.05437088,3678.33,0.00407947,buy,574510257,0.00040652
2024-12-01T01:18:57.657713Z,ETH-USD,3678.14,3600.96,92579.130632,3595.03,3740.63,4414937.44581724,3678.13,0.81962,3678.4,0.00043322,buy,574510258,0.00448599
2024-12-01T01:18:57.697054Z,BTC-USD,96214.92,96461.07,3181.34084152,96129.73,97282.41,528966.48830481,96214.92,0.04070769,96221.01,0.02254335,sell,729140595,7.936e-05
2024-12-01T01:18:57.837987Z,BTC-USD,96224.12,96461.07,3181.34084672,96129.73,97282.41,528966.48831001,96217.71,0.00011913,96224.12,9.48e-05,buy,729140596,5.2e-06
2024-12-01T01:18:57.916211Z,BTC-USD,96215.83,96461.07,3181.34091457,96129.73,97282.41,528966.48837786,96215.83,0.02993215,96224.12,9.48e-05,sell,729140597,6.785e-05
2024-12-01T01:18:57.919814Z,BTC-USD,96215.84,96461.07,3181.34091488,96129.73,97282.41,528966.48837817,96215.84,0.00011883,96224.12,9.48e-05,sell,729140598,3.1e-07
2024-12-01T01:18:58.310256Z,BTC-USD,96223.51,96461.07,3181.34103401,96129.73,97282.41,528966.4884973,96215.78,0.00011914,96223.52,0.02802732,buy,729140599,0.00011913
2024-12-01T01:18:58.310256Z,BTC-USD,96223.52,96461.07,3181.34105387,96129.73,97282.41,528966.48851716,96215.78,0.00011914,96223.52,0.02800746,buy,729140600,1.986e-05
2024-12-01T01:18:58.471745Z,BTC-USD,96215.74,96461.07,3181.34117301,96129.73,97282.41,528966.4886363,96215.73,0.0405,96223.26,0.00011913,sell,729140601,0.00011914
2024-12-01T01:18:58.471745Z,BTC-USD,96215.73,96461.07,3181.34728896,96129.73,97282.41,528966.49475225,96215.73,0.03438405,96223.26,0.00011913,sell,729140602,0.00611595
2024-12-01T01:18:58.770727Z,BTC-USD,96222.47,96461.07,3181.34739185,96129.73,97282.41,528966.49485514,96215.83,0.00011914,96222.47,0.09344064,buy,729140603,0.00010289
2024-12-01T01:18:59.550732Z,BTC-USD,96221.11,96461.07,3181.34749185,96129.73,97282.41,528966.49495514,96220.91,0.0001,96222.41,0.05935995,buy,729140604,0.0001
2024-12-01T01:18:59.550732Z,BTC-USD,96222.41,96461.07,3181.37927426,96129.73,97282.41,528966.52673755,96220.91,0.0001,96222.41,0.02757754,buy,729140605,0.03178241
2024-12-01T01:18:59.572930Z,BTC-USD,96222.4,96461.07,3181.37928703,96129.73,97282.41,528966.52675032,96220.91,0.0001,96222.4,0.00010636,buy,729140606,1.277e-05
2024-12-01T01:18:59.747765Z,ETH-USD,3678.26,3600.96,92579.13201858,3595.03,3740.63,4414937.44720382,3678.25,0.972,3678.26,0.00314482,buy,574510259,0.00138658
2024-12-01T01:18:59.832179Z,ETH-USD,3678.26,3600.96,92579.13654998,3595.03,3740.63,4414937.45173522,3678.25,0.972,3678.39,0.00193105,buy,574510260,0.0045314
2024-12-01T01:18:59.832179Z,ETH-USD,3678.39,3600.96,92579.1383941,3595.03,3740.63,4414937.45357934,3678.25,0.972,3678.39,8.693e-05,buy,574510261,0.00184412
2024-12-01T01:18:59.832179Z,ETH-USD,3678.39,3600.96,92579.13848103,3595.03,3740.63,4414937.45366627,3678.25,0.972,3678.4,0.00043322,buy,574510262,8.693e-05
2024-12-01T01:18:59.832179Z,ETH-USD,3678.4,3600.96,92579.13891425,3595.03,3740.63,4414937.45409949,3678.25,0.972,3678.48,0.88692479,buy,574510263,0.00043322
2024-12-01T01:18:59.832179Z,ETH-USD,3678.48,3600.96,92579.38861858,3595.03,3740.63,4414937.70380382,3678.25,0.972,3678.48,0.63722046,buy,574510264,0.24970433
2024-12-01T01:18:59.881214Z,ETH-USD,3678.26,3600.96,92579.38950668,3595.03,3740.63,4414937.70469192,3678.25,0.972,3678.26,0.0036433,buy,574510265,0.0008881
2024-12-01T01:18:59.882829Z,BTC-USD,96220.92,96461.07,3181.37986583,96129.73,97282.41,528966.52732912,96220.91,0.0001,96220.92,0.2263087,buy,729140607,0.0005788
2024-12-01T01:18:59.932963Z,BTC-USD,96220.92,96461.07,3181.38089478,96129.73,97282.41,528966.52835807,96220.91,0.0001,96220.92,0.22527975,buy,729140608,0.00102895
2024-12-01T01:19:00.176983Z,BTC-USD,96220.91,96461.07,3181.38099478,96129.73,97282.41,528966.52845807,96220.91,0.00011913,96220.92,0.14845317,sell,729140609,0.0001
2024-12-01T01:19:00.176983Z,BTC-USD,96220.91,96461.07,3181.38111391,96129.73,97282.41,528966.5285772,96214.99,0.00095,96220.92,0.14845317,sell,729140610,0.00011913
2024-12-01T01:19:00.176983Z,BTC-USD,96214.99,96461.07,3181.38141442,96129.73,97282.41,528966.52887771,96214.99,0.00064949,96220.92,0.14845317,sell,729140611,0.00030051
2024-12-01T01:19:00.305413Z,BTC-USD,96215.0,96461.07,3181.38143529,96129.73,97282.41,528966.52889858,96215.0,9.827e-05,96220.71,0.03866167,sell,729140612,2.087e-05
2024-12-01T01:19:00.387152Z,ETH-USD,3678.26,3600.96,92579.39403808,3595.03,3740.63,4414937.70922332,3678.25,2.33134207,3678.48,1.03503102,buy,574510266,0.0045314
2024-12-01T01:19:00.387152Z,ETH-USD,3678.48,3600.96,92579.41658749,3595.03,3740.63,4414937.73177273,3678.25,2.33134207,3678.48,1.01248161,buy,574510267,0.02254941
2024-12-01T01:19:00.422834Z,ETH-USD,3678.25,3600.96,92579.41957799,3595.03,3740.63,4414937.73476323,3678.25,3.68769027,3678.26,0.00451712,sell,574510268,0.0029905
2024-12-01T01:19:00.602911Z,BTC-USD,96215.0,96461.07,3181.38154064,96129.73,97282.41,528966.52900393,96215.0,1.379e-05,96220.64,0.03866167,sell,729140613,0.00010535
2024-12-01T01:19:00.727542Z,BTC-USD,96215.0,96461.07,3181.38162782,96129.73,97282.41,528966.52909111,96215.0,3.196e-05,96220.64,0.03866167,sell,729140614,8.718e-05
2024-12-01T01:19:00.807261Z,ETH-USD,3678.25,3600.96,92579.52837765,3595.03,3740.63,4414937.84356289,3678.25,2.21955191,3678.26,0.00441336,sell,574510269,0.10879966
2024-12-01T01:19:01.068791Z,BTC-USD,96215.0,96461.07,3181.38174696,96129.73,97282.41,528966.52921025,96214.99,0.00064949,96220.43,0.00011913,sell,729140615,0.00011914
2024-12-01T01:19:01.068791Z,BTC-USD,96214.99,96461.07,3181.38239645,96129.73,97282.41,528966.52985974,96214.16,0.08535045,96220.43,0.00011913,sell,729140616,0.00064949
2024-12-01T01:19:01.068791Z,BTC-USD,96214.16,96461.07,3181.38249041,96129.73,97282.41,528966.5299537,96214.16,0.08525649,96220.43,0.00011913,sell,729140617,9.396e-05
2024-12-01T01:19:01.358572Z,ETH-USD,3678.25,3600.96,92579.52928638,3595.03,3740.63,4414937.84447162,3678.25,2.21864318,3678.26,0.00944815,sell,574510270,0.00090873
2024-12-01T01:19:01.452957Z,BTC-USD,96220.43,96461.07,3181.38288022,96129.73,97282.41,528966.53034351,96214.39,0.00011914,96220.43,0.03827186,buy,729140618,0.00038981
2024-12-01T01:19:01.773614Z,ETH-USD,3678.26,3600.96,92579.53369974,3595.03,3740.63,4414937.84888498,3678.25,2.21864318,3678.26,0.00503479,buy,574510271,0.00441336
2024-12-01T01:19:01.773614Z,ETH-USD,3678.26,3600.96,92579.53601544,3595.03,3740.63,4414937.85120068,3678.25,2.21864318,3678.26,0.00271909,buy,574510272,0.0023157
2024-12-01T01:19:01.819279Z,BTC-USD,96219.35,96461.07,3181.38299935,96129.73,97282.41,528966.53046264,96216.94,0.00011913,96219.36,0.03846677,buy,729140619,0.00011913
2024-12-01T01:19:01.819279Z,BTC-USD,96219.36,96461.07,3181.38339466,96129.73,97282.41,528966.53085795,96216.94,0.00011913,96219.36,0.03807146,buy,729140620,0.00039531
2024-12-01T01:19:01.892760Z,BTC-USD,96214.16,96461.07,3181.38345322,96129.73,97282.41,528966.53091651,96214.16,6.058e-05,96216.93,0.0934244,sell,729140621,5.856e-05
2024-12-01T01:19:01.945900Z,BTC-USD,96214.17,96461.07,3181.38355107,96129.73,97282.41,528966.53101436,96214.16,0.00011914,96214.17,0.39822215,buy,729140622,9.785e-05
2024-12-01T01:19:02.050342Z,BTC-USD,96214.16,96461.07,3181.38362676,96129.73,97282.41,528966.53109005,96214.16,4.345e-05,96214.17,0.39822215,sell,729140623,7.569e-05
2024-12-01T01:19:02.233585Z,BTC-USD,96214.17,96461.07,3181.3841412,96129.73,97282.41,528966.53160449,96214.16,0.00011914,96214.17,0.4153772,buy,729140624,0.00051444
2024-12-01T01:19:02.259358Z,BTC-USD,96214.17,96461.07,3181.38415053,96129.73,97282.41,528966.53161382,96214.16,0.00011914,96214.17,0.41536787,buy,729140625,9.33e-06
2024-12-01T01:19:02.507945Z,BTC-USD,96214.16,96461.07,3181.38426967,96129.73,97282.41,528966.53173296,96214.15,0.10062354,96214.17,0.41538387,sell,729140626,0.00011914
2024-12-01T01:19:02.507945Z,BTC-USD,96214.15,96461.07,3181.39415053,96129.73,97282.41,528966.54161382,96214.15,0.09074268,96214.17,0.41538387,sell,729140627,0.00988086
2024-12-01T01:19:02.511301Z,ETH-USD,3678.25,3600.96,92580.18274593,3595.03,3740.63,4414938.49793117,3678.25,0.71261158,3678.26,0.01097705,sell,574510273,0.64673049
2024-12-01T01:19:02.521594Z,ETH-USD,3678.25,3600.96,92580.48768874,3595.03,3740.63,4414938.80287398,3678.25,0.40766877,3678.26,1.51524901,sell,574510274,0.30494281
2024-12-01T01:19:02.522470Z,ETH-USD,3678.25,3600.96,92580.89535751,3595.03,3740.63,4414939.21054275,3678.01,1.35943077,3678.26,1.51524901,sell,574510275,0.40766877
2024-12-01T01:19:02.522470Z,ETH-USD,3678.01,3600.96,92581.59654765,3595.03,3740.63,4414939.91173289,3678.01,0.65824063,3678.26,1.51524901,sell,574510276,0.70119014
2024-12-01T01:19:02.530047Z,ETH-USD,3678.01,3600.96,92581.7580445,3595.03,3740.63,4414940.07322974,3678.01,0.49674378,3678.02,0.6,sell,574510277,0.16149685
2024-12-01T01:19:02.530235Z,ETH-USD,3678.01,3600.96,92581.88838,3595.03,3740.63,4414940.20356524,3678.01,0.36640828,3678.02,0.6,sell,574510278,0.1303355
2024-12-01T01:19:02.530245Z,ETH-USD,3678.01,3600.96,92582.10703777,3595.03,3740.63,4414940.42222301,3678.01,0.14775051,3678.02,0.6,sell,574510279,0.21865777
2024-12-01T01:19:02.532710Z,ETH-USD,3678.01,3600.96,92582.25478828,3595.03,3740.63,4414940.56997352,3677.95,0.05437219,3678.02,1.41962,sell,574510280,0.14775051
2024-12-01T01:19:02.840329Z,BTC-USD,96209.16,96461.07,3181.39421503,96129.73,97282.41,528966.54167832,96209.16,0.0004355,96209.17,0.15991,sell,729140628,6.45e-05
2024-12-01T01:19:02.872032Z,BTC-USD,96209.17,96461.07,3181.40421503,96129.73,97282.41,528966.55167832,96209.16,0.0004355,96209.17,0.15002914,buy,729140629,0.01
2024-12-01T01:19:03.191765Z,ETH-USD,3677.93,3600.96,92582.30381897,3595.03,3740.63,4414940.61900421,3677.75,1.35952529,3677.94,0.00448819,sell,574510281,0.04903069
2024-12-01T01:19:03.191765Z,ETH-USD,3677.75,3600.96,92582.35777772,3595.03,3740.63,4414940.67296296,3677.75,1.30556654,3677.94,0.00448819,sell,574510282,0.05395875
2024-12-01T01:19:03.398469Z,BTC-USD,96213.14,96461.07,3181.4043141,96129.73,97282.41,528966.55177739,96209.16,0.0004355,96213.14,0.02613745,buy,729140630,9.907e-05
2024-12-01T01:19:03.744386Z,BTC-USD,96209.17,96461.07,3181.40433685,96129.73,97282.41,528966.55180014,96209.16,0.0004355,96209.17,9.639e-05,buy,729140631,2.275e-05
2024-12-01T01:19:03.837761Z,BTC-USD,96213.08,96461.07,3181.40435668,96129.73,97282.41,528966.55181997,96209.16,0.0004355,96213.08,9.931e-05,buy,729140632,1.983e-05
2024-12-01T01:19:04.292692Z,ETH-USD,3677.75,3600.96,92582.44318772,3595.03,3740.63,4414940.75837296,3677.75,3.32e-06,3677.76,1.48845638,sell,574510283,0.08541
2024-12-01T01:19:04.571823Z,BTC-USD,96209.17,96461.07,3181.40435736,96129.73,97282.41,528966.55182065,96209.16,0.0854355,96209.17,0.15384966,buy,729140633,6.8e-07
2024-12-01T01:19:04.789135Z,ETH-USD,3677.75,3600.96,92582.44319104,3595.03,3740.63,4414940.75837628,3677.75,0.00541332,3677.76,0.01229747,sell,574510284,3.32e-06
2024-12-01T01:19:04.789135Z,ETH-USD,3677.75,3600.96,92582.4436549,3595.03,3740.63,4414940.75884014,3677.75,0.00494946,3677.76,0.01229747,sell,574510285,0.00046386
2024-12-01T01:19:04.932249Z,ETH-USD,3677.76,3600.96,92582.44542702,3595.03,3740.63,4414940.76061226,3677.75,0.00494946,3677.76,0.01052535,buy,574510286,0.00177212
2024-12-01T01:19:05.033764Z,BTC-USD,96209.17,96461.07,3181.40447583,96129.73,97282.41,528966.55193912,96209.16,0.0854355,96209.17,0.15373119,buy,729140634,0.00011847
2024-12-01T01:19:05.033764Z,BTC-USD,96209.17,96461.07,3181.414216,96129.73,97282.41,528966.56167929,96209.16,0.0854355,96209.17,0.14399102,buy,729140635,0.00974017
2024-12-01T01:19:05.076484Z,BTC-USD,96209.17,96461.07,3181.41441809,96129.73,97282.41,528966.56188138,96209.16,0.0854355,96209.17,0.14654057,buy,729140636,0.00020209
2024-12-01T01:19:05.149878Z,ETH-USD,3677.76,3600.96,92582.44744253,3595.03,3740.63,4414940.76262777,3677.75,0.00494946,3677.76,0.23031152,buy,574510287,0.00201551
2024-12-01T01:19:05.149878Z,ETH-USD,3677.76,3600.96,92582.45040795,3595.03,3740.63,4414940.76559319,3677.75,0.00494946,3677.76,0.2273461,buy,574510288,0.00296542
2024-12-01T01:19:05.341247Z,ETH-USD,3677.76,3600.96,92582.45080238,3595.03,3740.63,4414940.76598762,3677.75,0.00494946,3677.76,0.22695167,buy,574510289,0.00039443
2024-12-01T01:19:05.449472Z,BTC-USD,96209.16,96461.07,3181.41446734,96129.73,97282.41,528966.56193063,96209.16,0.08538625,96209.17,0.14654057,sell,729140637,4.925e-05
2024-12-01T01:19:05.527412Z,ETH-USD,3677.76,3600.96,92582.45334214,3595.03,3740.63,4414940.76852738,3677.75,0.00494946,3677.76,0.0043726,buy,574510290,0.00253976
2024-12-01T01:19:05.527412Z,ETH-USD,3677.76,3600.96,92582.45342903,3595.03,3740.63,4414940.76861427,3677.75,0.00494946,3677.76,0.00428571,buy,574510291,8.689e-05
2024-12-01T01:19:05.527412Z,ETH-USD,3677.76,3600.96,92582.45635045,3595.03,3740.63,4414940.77153569,3677.75,0.00494946,3677.76,0.00136429,buy,574510292,0.00292142
2024-12-01T01:19:05.740902Z,ETH-USD,3677.76,3600.96,92582.46061668,3595.03,3740.63,4414940.77580192,3677.75,1.90456946,3677.76,0.00278282,buy,574510293,0.00426623
2024-12-01T01:19:05.740902Z,ETH-USD,3677.76,3600.96,92582.46339045,3595.03,3740.63,4414940.77857569,3677.75,1.90456946,3677.76,9.05e-06,buy,574510294,0.00277377
2024-12-01T01:19:05.786697Z,ETH-USD,3677.76,3600.96,92582.4633995,3595.03,3740.63,4414940.77858474,3677.75,2.98456946,3677.76,0.00426054,buy,574510295,9.05e-06
2024-12-01T01:19:05.786697Z,ETH-USD,3677.76,3600.96,92582.46766004,3595.03,3740.63,4414940.78284528,3677.75,2.98456946,3678.18,0.3,buy,574510296,0.00426054
2024-12-01T01:19:05.914959Z,ETH-USD,3678.16,3600.96,92583.82703537,3595.03,3740.63,4414942.14222061,3677.85,0.0543732,3678.17,0.00420224,sell,574510297,1.35937533
2024-12-01T01:19:05.914959Z,ETH-USD,3677.85,3600.96,92583.88140857,3595.03,3740.63,4414942.19659381,3677.76,0.1505067,3678.17,0.00420224,sell,574510298,0.0543732
2024-12-01T01:19:05.914959Z,ETH-USD,3677.76,3600.96,92583.93578453,3595.03,3740.63,4414942.25096977,3677.76,0.09613074,3678.17,0.00420224,sell,574510299,0.05437596
2024-12-01T01:19:05.914959Z,ETH-USD,3677.76,3600.96,92583.96749926,3595.03,3740.63,4414942.2826845,3677.76,0.06441601,3678.17,0.00420224,sell,574510300,0.03171473
2024-12-01T01:19:06.073450Z,BTC-USD,96209.17,96461.07,3181.41626734,96129.73,97282.41,528966.56373063,96209.16,0.08538625,96209.17,0.01957283,buy,729140638,0.0018
2024-12-01T01:19:06.090804Z,BTC-USD,96209.17,96461.07,3181.41665842,96129.73,97282.41,528966.56412171,96209.16,0.08538625,96209.17,0.01918175,buy,729140639,0.00039108
2024-12-01T01:19:06.394313Z,ETH-USD,3678.26,3600.96,92583.97021835,3595.03,3740.63,4414942.28540359,3678.25,2.17896207,3678.26,0.00849028,buy,574510301,0.00271909
2024-12-01T01:19:06.394313Z,ETH-USD,3678.26,3600.96,92583.97055944,3595.03,3740.63,4414942.28574468,3678.25,2.17896207,3678.26,0.00814919,buy,574510302,0.00034109
2024-12-01T01:19:06.394313Z,ETH-USD,3678.26,3600.96,92583.97397007,3595.03,3740.63,4414942.28915531,3678.25,2.17896207,3678.26,0.00473856,buy,574510303,0.00341063
2024-12-01T01:19:06.394313Z,ETH-USD,3678.26,3600.96,92583.97440323,3595.03,3740.63,4414942.28958847,3678.25,2.17896207,3678.26,0.0043054,buy,574510304,0.00043316
2024-12-01T01:19:06.394313Z,ETH-USD,3678.26,3600.96,92583.97870863,3595.03,3740.63,4414942.29389387,3678.25,2.17896207,3678.57,0.00688321,buy,574510305,0.0043054
2024-12-01T01:19:06.394313Z,ETH-USD,3678.57,3600.96,92583.98559184,3595.03,3740.63,4414942.30077708,3678.25,2.17896207,3678.61,1.66751895,buy,574510306,0.00688321
2024-12-01T01:19:06.394313Z,ETH-USD,3678.61,3600.96,92584.49999676,3595.03,3740.63,4414942.815182,3678.25,2.17896207,3678.61,1.15311403,buy,574510307,0.51440492
2024-12-01T01:19:06.418752Z,ETH-USD,3678.47,3600.96,92584.50020871,3595.03,3740.63,4414942.81539395,3678.46,1.35926278,3678.47,0.00409359,buy,574510308,0.00021195
2024-12-01T01:19:06.486182Z,ETH-USD,3678.47,3600.96,92584.5043023,3595.03,3740.63,4414942.81948754,3678.46,1.35926278,3678.73,0.68201381,buy,574510309,0.00409359
2024-12-01T01:19:06.486182Z,ETH-USD,3678.73,3600.96,92584.50653634,3595.03,3740.63,4414942.82172158,3678.46,1.35926278,3678.73,0.67977977,buy,574510310,0.00223404
2024-12-01T01:19:06.517403Z,BTC-USD,96209.17,96461.07,3181.43224944,96129.73,97282.41,528966.57971273,96209.16,0.08550539,96209.17,0.00347158,buy,729140640,0.01559102
2024-12-01T01:19:06.622778Z,BTC-USD,96209.17,96461.07,3181.4322664,96129.73,97282.41,528966.57972969,96209.16,0.08538625,96209.17,0.00345462,buy,729140641,1.696e-05
2024-12-01T01:19:06.650837Z,ETH-USD,3678.26,3600.96,92584.5076158,3595.03,3740.63,4414942.82280104,3678.25,0.81962,3678.26,0.00319505,buy,574510311,0.00107946
2024-12-01T01:19:06.655292Z,ETH-USD,3678.25,3600.96,92584.50788897,3595.03,3740.63,4414942.82307421,3678.25,0.81934683,3678.26,0.00319505,sell,574510312,0.00027317
2024-12-01T01:19:06.720503Z,BTC-USD,96209.16,96461.07,3181.43265265,96129.73,97282.41,528966.58011594,96209.16,0.085,96209.17,0.00357377,sell,729140642,0.00038625
2024-12-01T01:19:06.720503Z,BTC-USD,96209.16,96461.07,3181.43746269,96129.73,97282.41,528966.58492598,96209.16,0.08018996,96209.17,0.00357377,sell,729140643,0.00481004
2024-12-01T01:19:06.814358Z,BTC-USD,96209.17,96461.07,3181.4377509,96129.73,97282.41,528966.58521419,96209.16,0.08018996,96209.17,0.00328556,buy,729140644,0.00028821
2024-12-01T01:19:06.827421Z,ETH-USD,3678.26,3600.96,92584.51216348,3595.03,3740.63,4414942.82734872,3678.25,1.89934683,3678.47,0.01,buy,574510313,0.00427451
2024-12-01T01:19:07.362569Z,ETH-USD,3678.47,3600.96,92584.52216348,3595.03,3740.63,4414942.83734872,3678.45,0.81962,3678.87,0.07049509,buy,574510314,0.01
2024-12-01T01:19:07.545578Z,BTC-USD,96209.17,96461.07,3181.43776786,96129.73,97282.41,528966.58523115,96209.16,0.08018996,96209.17,0.00314945,buy,729140645,1.696e-05
2024-12-01T01:19:07.593152Z,BTC-USD,96209.17,96461.07,3181.43790686,96129.73,97282.41,528966.58537015,96209.16,0.08018996,96209.17,0.00301045,buy,729140646,0.000139
2024-12-01T01:19:08.028812Z,BTC-USD,96209.17,96461.07,3181.43826882,96129.73,97282.41,528966.58573211,96209.16,0.0803091,96209.17,0.00264849,buy,729140647,0.00036196
2024-12-01T01:19:08.028812Z,BTC-USD,96209.17,96461.07,3181.43828482,96129.73,97282.41,528966.58574811,96209.16,0.0803091,96209.17,0.00263249,buy,729140648,1.6e-05
2024-12-01T01:19:08.028812Z,BTC-USD,96209.17,96461.07,3181.4384213,96129.73,97282.41,528966.58588459,96209.16,0.0803091,96209.17,0.00249601,buy,729140649,0.00013648
2024-12-01T01:19:08.055066Z,BTC-USD,96209.16,96461.07,3181.43844302,96129.73,97282.41,528966.58590631,96209.16,0.08028738,96209.17,0.00249601,sell,729140650,2.172e-05
2024-12-01T01:19:08.069596Z,BTC-USD,96209.16,96461.07,3181.43875474,96129.73,97282.41,528966.58621803,96209.16,0.07997566,96209.17,0.00249601,sell,729140651,0.00031172
2024-12-01T01:19:08.209210Z,BTC-USD,96209.17,96461.07,3181.4389452,96129.73,97282.41,528966.58640849,96209.16,0.07997566,96209.17,0.00230555,buy,729140652,0.00019046
2024-12-01T01:19:08.274234Z,BTC-USD,96209.17,96461.07,3181.44125075,96129.73,97282.41,528966.58871404,96209.16,0.07997566,96209.27,0.0001,buy,729140653,0.00230555
2024-12-01T01:19:08.274234Z,BTC-USD,96209.27,96461.07,3181.44135075,96129.73,97282.41,528966.58881404,96209.16,0.07997566,96213.17,0.00011914,buy,729140654,0.0001
2024-12-01T01:19:08.274234Z,BTC-USD,96213.17,96461.07,3181.44136813,96129.73,97282.41,528966.58883142,96209.16,0.07997566,96213.17,0.00010176,buy,729140655,1.738e-05
2024-12-01T01:19:08.436634Z,ETH-USD,3678.78,3600.96,92584.52559057,3595.03,3740.63,4414942.84077581,3678.77,2.19748888,3678.85,0.00400264,buy,574510315,0.00342709
2024-12-01T01:19:08.577482Z,BTC-USD,96209.07,96461.07,3181.44146813,96129.73,97282.41,528966.58893142,96208.5,0.0013357,96213.17,0.00011914,sell,729140656,0.0001
2024-12-01T01:19:08.577482Z,BTC-USD,96208.5,96461.07,3181.44280383,96129.73,97282.41,528966.59026712,96205.24,0.00011915,96213.17,0.00011914,sell,729140657,0.0013357
2024-12-01T01:19:08.577482Z,BTC-USD,96205.24,96461.07,3181.44292298,96129.73,97282.41,528966.59038627,96205.23,0.10394444,96213.17,0.00011914,sell,729140658,0.00011915
2024-12-01T01:19:08.577482Z,BTC-USD,96205.23,96461.07,3181.48175795,96129.73,97282.41,528966.62922124,96205.23,0.06510947,96213.17,0.00011914,sell,729140659,0.03883497
2024-12-01T01:19:08.583344Z,ETH-USD,3678.85,3600.96,92584.52602372,3595.03,3740.63,4414942.84120896,3678.84,3.25874407,3678.85,0.0036564,buy,574510316,0.00043315
2024-12-01T01:19:08.583344Z,ETH-USD,3678.85,3600.96,92584.52634824,3595.03,3740.63,4414942.84153348,3678.84,3.25874407,3678.85,0.00333188,buy,574510317,0.00032452
2024-12-01T01:19:08.583344Z,ETH-USD,3678.85,3600.96,92584.52959321,3595.03,3740.63,4414942.84477845,3678.84,3.25874407,3678.85,8.691e-05,buy,574510318,0.00324497
2024-12-01T01:19:08.583344Z,ETH-USD,3678.85,3600.96,92584.52968012,3595.03,3740.63,4414942.84486536,3678.84,3.25874407,3678.87,0.01179821,buy,574510319,8.691e-05
2024-12-01T01:19:08.583344Z,ETH-USD,3678.87,3600.96,92584.53644349,3595.03,3740.63,4414942.85162873,3678.84,3.25874407,3678.87,0.00503484,buy,574510320,0.00676337
2024-12-01T01:19:08.583344Z,ETH-USD,3678.87,3600.96,92584.54147833,3595.03,3740.63,4414942.85666357,3678.84,3.25874407,3679.24,0.0034406,buy,574510321,0.00503484
2024-12-01T01:19:08.583344Z,ETH-USD,3679.24,3600.96,92584.54491893,3595.03,3740.63,4414942.86010417,3678.84,3.25874407,3679.25,0.68201381,buy,574510322,0.0034406
2024-12-01T01:19:08.583344Z,ETH-USD,3679.25,3600.96,92585.22693274,3595.03,3740.63,4414943.54211798,3678.84,3.25874407,3679.34,1.66751895,buy,574510323,0.68201381
2024-12-01T01:19:08.583344Z,ETH-USD,3679.34,3600.96,92585.55185343,3595.03,3740.63,4414943.86703867,3678.84,3.25874407,3679.34,1.34259826,buy,574510324,0.32492069
2024-12-01T01:19:08.939413Z,ETH-USD,3678.92,3600.96,92585.55611034,3595.03,3740.63,4414943.87129558,3678.79,0.08201439,3679.23,0.00452866,buy,574510325,0.00425691
2024-12-01T01:19:09.213791Z,ETH-USD,3679.23,3600.96,92585.55880204,3595.03,3740.63,4414943.87398728,3679.22,1.9252495,3679.23,0.00183696,buy,574510326,0.0026917
2024-12-01T01:19:09.213791Z,ETH-USD,3679.23,3600.96,92585.560639,3595.03,3740.63,4414943.87582424,3679.22,1.9252495,3679.33,0.0663011,buy,574510327,0.00183696
2024-12-01T01:19:09.390590Z,ETH-USD,3679.36,3600.96,92585.56490277,3595.03,3740.63,4414943.88008801,3679.35,0.81962,3679.42,0.27129149,buy,574510328,0.00426377
2024-12-01T01:19:09.390590Z,ETH-USD,3679.42,3600.96,92585.83619426,3595.03,3740.63,4414944.1513795,3679.35,0.81962,3679.77,0.68201381,buy,574510329,0.27129149
2024-12-01T01:19:09.433094Z,ETH-USD,3679.48,3600.96,92585.84045505,3595.03,3740.63,4414944.15564029,3679.47,1.89962,3679.79,0.2024,buy,574510330,0.00426079
2024-12-01T01:19:10.127713Z,ETH-USD,3679.51,3600.96,92585.84467729,3595.03,3740.63,4414944.15986253,3679.5,2.17849988,3679.79,0.2024,buy,574510331,0.00422224
2024-12-01T01:19:10.367905Z,ETH-USD,3679.47,3600.96,92585.8487963,3595.03,3740.63,4414944.16398154,3679.46,0.81962,3679.79,0.2024,buy,574510332,0.00411901
2024-12-01T01:19:10.374368Z,BTC-USD,96220.92,96461.07,3181.48965583,96129.73,97282.41,528966.63711912,96220.91,0.13978913,96220.92,0.00263252,buy,729140660,0.00789788
2024-12-01T01:19:10.374368Z,BTC-USD,96220.92,96461.07,3181.49228835,96129.73,97282.41,528966.63975164,96220.91,0.13978913,96229.5,6.449e-05,buy,729140661,0.00263252
2024-12-01T01:19:10.448309Z,ETH-USD,3679.49,3600.96,92585.85291531,3595.03,3740.63,4414944.16810055,3679.48,1.08,3679.87,0.06793816,buy,574510333,0.00411901
2024-12-01T01:19:10.448309Z,ETH-USD,3679.87,3600.96,92585.85539162,3595.03,3740.63,4414944.17057686,3679.48,1.08,3679.87,0.06546185,buy,574510334,0.00247631
2024-12-01T01:19:10.588626Z,BTC-USD,96229.49,96461.07,3181.49240747,96129.73,97282.41,528966.63987076,96225.42,0.10392264,96229.5,6.449e-05,sell,729140662,0.00011912
2024-12-01T01:19:10.588626Z,BTC-USD,96225.42,96461.07,3181.493313,96129.73,97282.41,528966.64077629,96225.42,0.10301711,96229.5,6.449e-05,sell,729140663,0.00090553
2024-12-01T01:19:10.594544Z,ETH-USD,3679.44,3600.96,92585.85948821,3595.03,3740.63,4414944.17467345,3679.43,0.87397053,3679.89,0.00421144,buy,574510335,0.00409659
2024-12-01T01:19:10.594544Z,ETH-USD,3679.89,3600.96,92585.86369965,3595.03,3740.63,4414944.17888489,3679.43,0.87397053,3679.91,0.68201381,buy,574510336,0.00421144
2024-12-01T01:19:10.594544Z,ETH-USD,3679.91,3600.96,92585.88142619,3595.03,3740.63,4414944.19661143,3679.43,0.87397053,3679.91,0.66428727,buy,574510337,0.01772654
